image_id,species_name,duplicate_group_size,is_exact_duplicate,file_path
Clostridium.perfringens_01,Clostridium.perfringens,1,0,Dataset-Bacteria/Clostridium perfringens/01.png
Clostridium.perfringens_02,Clostridium.perfringens,1,0,Dataset-Bacteria/Clostridium perfringens/02.png
Clostridium.perfringens_03,Clostridium.perfringens,1,0,Dataset-Bacteria/Clostridium perfringens/03.png
Clostridium.perfringens_04,Clostridium.perfringens,1,0,Dataset-Bacteria/Clostridium perfringens/04.png
Clostridium.perfringens_05,Clostridium.perfringens,1,0,Dataset-Bacteria/Clostridium perfringens/05.png
Clostridium.perfringens_06,Clostridium.perfringens,1,0,Dataset-Bacteria/Clostridium perfringens/06.png
Clostridium.perfringens_07,Clostridium.perfringens,1,0,Dataset-Bacteria/Clostridium perfringens/07.png
Clostridium.perfringens_08,Clostridium.perfringens,1,0,Dataset-Bacteria/Clostridium perfringens/08.png
Clostridium.perfringens_09,Clostridium.perfringens,1,0,Dataset-Bacteria/Clostridium perfringens/09.png
Clostridium.perfringens_10,Clostridium.perfringens,1,0,Dataset-Bacteria/Clostridium perfringens/10.png
Clostridium.perfringens_11,Clostridium.perfringens,1,0,Dataset-Bacteria/Clostridium perfringens/11.png
Clostridium.perfringens_12,Clostridium.perfringens,1,0,Dataset-Bacteria/Clostridium perfringens/12.png
Clostridium.perfringens_13,Clostridium.perfringens,1,0,Dataset-Bacteria/Clostridium perfringens/13.png
Clostridium.perfringens_14,Clostridium.perfringens,1,0,Dataset-Bacteria/Clostridium perfringens/14.png
Clostridium.perfringens_15,Clostridium.perfringens,1,0,Dataset-Bacteria/Clostridium perfringens/15.png
Clostridium.perfringens_16,Clostridium.perfringens,1,0,Dataset-Bacteria/Clostridium perfringens/16.png
Clostridium.perfringens_17,Clostridium.perfringens,1,0,Dataset-Bacteria/Clostridium perfringens/17.png
Clostridium.perfringens_18,Clostridium.perfringens,1,0,Dataset-Bacteria/Clostridium perfringens/18.png
Clostridium.perfringens_19,Clostridium.perfringens,1,0,Dataset-Bacteria/Clostridium perfringens/19.png
Clostridium.perfringens_20,Clostridium.perfringens,1,0,Dataset-Bacteria/Clostridium perfringens/20.png
Clostridium.perfringens_21,Clostridium.perfringens,1,0,Dataset-Bacteria/Clostridium perfringens/21.png
Clostridium.perfringens_22,Clostridium.perfringens,1,0,Dataset-Bacteria/Clostridium perfringens/22.png
Clostridium.perfringens_23,Clostridium.perfringens,1,0,Dataset-Bacteria/Clostridium perfringens/23.png
Clostridium.perfringens_24,Clostridium.perfringens,1,0,Dataset-Bacteria/Clostridium perfringens/24.png
Clostridium.perfringens_25,Clostridium.perfringens,1,0,Dataset-Bacteria/Clostridium perfringens/25.png
Clostridium.perfringens_26,Clostridium.perfringens,1,0,Dataset-Bacteria/Clostridium perfringens/26.png
Clostridium.perfringens_27,Clostridium.perfringens,1,0,Dataset-Bacteria/Clostridium perfringens/27.png
Clostridium.perfringens_28,Clostridium.perfringens,1,0,Dataset-Bacteria/Clostridium perfringens/28.png
Clostridium.perfringens_29,Clostridium.perfringens,1,0,Dataset-Bacteria/Clostridium perfringens/29.png
Clostridium.perfringens_30,Clostridium.perfringens,1,0,Dataset-Bacteria/Clostridium perfringens/30.png
Clostridium.perfringens_31,Clostridium.perfringens,1,0,Dataset-Bacteria/Clostridium perfringens/31.png
Clostridium.perfringens_32,Clostridium.perfringens,1,0,Dataset-Bacteria/Clostridium perfringens/32.png
Clostridium.perfringens_33,Clostridium.perfringens,1,0,Dataset-Bacteria/Clostridium perfringens/33.png
Clostridium.perfringens_34,Clostridium.perfringens,1,0,Dataset-Bacteria/Clostridium perfringens/34.png
Clostridium.perfringens_35,Clostridium.perfringens,1,0,Dataset-Bacteria/Clostridium perfringens/35.png
Clostridium.perfringens_36,Clostridium.perfringens,1,0,Dataset-Bacteria/Clostridium perfringens/36.png
Clostridium.perfringens_37,Clostridium.perfringens,1,0,Dataset-Bacteria/Clostridium perfringens/37.png
Clostridium.perfringens_38,Clostridium.perfringens,1,0,Dataset-Bacteria/Clostridium perfringens/38.png
Clostridium.perfringens_39,Clostridium.perfringens,1,0,Dataset-Bacteria/Clostridium perfringens/39.png
Clostridium.perfringens_40,Clostridium.perfringens,1,0,Dataset-Bacteria/Clostridium perfringens/40.png
Clostridium.perfringens_41,Clostridium.perfringens,1,0,Dataset-Bacteria/Clostridium perfringens/41.png
Clostridium.perfringens_42,Clostridium.perfringens,1,0,Dataset-Bacteria/Clostridium perfringens/42.png
Clostridium.perfringens_43,Clostridium.perfringens,1,0,Dataset-Bacteria/Clostridium perfringens/43.png
Clostridium.perfringens_44,Clostridium.perfringens,1,0,Dataset-Bacteria/Clostridium perfringens/44.png
Clostridium.perfringens_45,Clostridium.perfringens,1,0,Dataset-Bacteria/Clostridium perfringens/45.png
Clostridium.perfringens_46,Clostridium.perfringens,1,0,Dataset-Bacteria/Clostridium perfringens/46.png
Clostridium.perfringens_47,Clostridium.perfringens,1,0,Dataset-Bacteria/Clostridium perfringens/47.png
Clostridium.perfringens_48,Clostridium.perfringens,1,0,Dataset-Bacteria/Clostridium perfringens/48.png
Clostridium.perfringens_49,Clostridium.perfringens,1,0,Dataset-Bacteria/Clostridium perfringens/49.png
Clostridium.perfringens_50,Clostridium.perfringens,1,0,Dataset-Bacteria/Clostridium perfringens/50.png
Clostridium.perfringens_51,Clostridium.perfringens,1,0,Dataset-Bacteria/Clostridium perfringens/51.png
Clostridium.perfringens_52,Clostridium.perfringens,1,0,Dataset-Bacteria/Clostridium perfringens/52.png
Clostridium.perfringens_53,Clostridium.perfringens,1,0,Dataset-Bacteria/Clostridium perfringens/53.png
Clostridium.perfringens_54,Clostridium.perfringens,1,0,Dataset-Bacteria/Clostridium perfringens/54.png
Clostridium.perfringens_55,Clostridium.perfringens,1,0,Dataset-Bacteria/Clostridium perfringens/55.png
Clostridium.perfringens_56,Clostridium.perfringens,1,0,Dataset-Bacteria/Clostridium perfringens/56.png
Clostridium.perfringens_57,Clostridium.perfringens,1,0,Dataset-Bacteria/Clostridium perfringens/57.png
Clostridium.perfringens_58,Clostridium.perfringens,1,0,Dataset-Bacteria/Clostridium perfringens/58.png
Clostridium.perfringens_59,Clostridium.perfringens,1,0,Dataset-Bacteria/Clostridium perfringens/59.png
Clostridium.perfringens_60,Clostridium.perfringens,1,0,Dataset-Bacteria/Clostridium perfringens/60.png
Clostridium.perfringens_61,Clostridium.perfringens,1,0,Dataset-Bacteria/Clostridium perfringens/61.png
Clostridium.perfringens_62,Clostridium.perfringens,1,0,Dataset-Bacteria/Clostridium perfringens/62.png
Enterococcus.faecalis_01,Enterococcus.faecalis,1,0,Dataset-Bacteria/Enterococcus faecalis/01.png
Enterococcus.faecalis_02,Enterococcus.faecalis,1,0,Dataset-Bacteria/Enterococcus faecalis/02.png
Enterococcus.faecalis_03,Enterococcus.faecalis,1,0,Dataset-Bacteria/Enterococcus faecalis/03.png
Enterococcus.faecalis_04,Enterococcus.faecalis,1,0,Dataset-Bacteria/Enterococcus faecalis/04.png
Enterococcus.faecalis_05,Enterococcus.faecalis,1,0,Dataset-Bacteria/Enterococcus faecalis/05.png
Enterococcus.faecalis_06,Enterococcus.faecalis,1,0,Dataset-Bacteria/Enterococcus faecalis/06.png
Enterococcus.faecalis_07,Enterococcus.faecalis,1,0,Dataset-Bacteria/Enterococcus faecalis/07.png
Enterococcus.faecalis_08,Enterococcus.faecalis,1,0,Dataset-Bacteria/Enterococcus faecalis/08.png
Enterococcus.faecalis_09,Enterococcus.faecalis,1,0,Dataset-Bacteria/Enterococcus faecalis/09.png
Enterococcus.faecalis_10,Enterococcus.faecalis,1,0,Dataset-Bacteria/Enterococcus faecalis/10.png
Enterococcus.faecalis_11,Enterococcus.faecalis,1,0,Dataset-Bacteria/Enterococcus faecalis/11.png
Enterococcus.faecalis_12,Enterococcus.faecalis,1,0,Dataset-Bacteria/Enterococcus faecalis/12.png
Enterococcus.faecalis_13,Enterococcus.faecalis,1,0,Dataset-Bacteria/Enterococcus faecalis/13.png
Enterococcus.faecalis_14,Enterococcus.faecalis,1,0,Dataset-Bacteria/Enterococcus faecalis/14.png
Enterococcus.faecalis_15,Enterococcus.faecalis,1,0,Dataset-Bacteria/Enterococcus faecalis/15.png
Enterococcus.faecalis_16,Enterococcus.faecalis,1,0,Dataset-Bacteria/Enterococcus faecalis/16.png
Enterococcus.faecalis_17,Enterococcus.faecalis,1,0,Dataset-Bacteria/Enterococcus faecalis/17.png
Enterococcus.faecalis_18,Enterococcus.faecalis,1,0,Dataset-Bacteria/Enterococcus faecalis/18.png
Enterococcus.faecalis_19,Enterococcus.faecalis,1,0,Dataset-Bacteria/Enterococcus faecalis/19.png
Enterococcus.faecalis_20,Enterococcus.faecalis,1,0,Dataset-Bacteria/Enterococcus faecalis/20.png
Enterococcus.faecalis_21,Enterococcus.faecalis,1,0,Dataset-Bacteria/Enterococcus faecalis/21.png
Enterococcus.faecalis_22,Enterococcus.faecalis,1,0,Dataset-Bacteria/Enterococcus faecalis/22.png
Enterococcus.faecalis_23,Enterococcus.faecalis,1,0,Dataset-Bacteria/Enterococcus faecalis/23.png
Enterococcus.faecalis_24,Enterococcus.faecalis,1,0,Dataset-Bacteria/Enterococcus faecalis/24.png
Enterococcus.faecalis_25,Enterococcus.faecalis,1,0,Dataset-Bacteria/Enterococcus faecalis/25.png
Enterococcus.faecalis_26,Enterococcus.faecalis,1,0,Dataset-Bacteria/Enterococcus faecalis/26.png
Enterococcus.faecalis_27,Enterococcus.faecalis,1,0,Dataset-Bacteria/Enterococcus faecalis/27.png
Enterococcus.faecalis_28,Enterococcus.faecalis,1,0,Dataset-Bacteria/Enterococcus faecalis/28.png
Enterococcus.faecalis_29,Enterococcus.faecalis,1,0,Dataset-Bacteria/Enterococcus faecalis/29.png
Enterococcus.faecalis_30,Enterococcus.faecalis,1,0,Dataset-Bacteria/Enterococcus faecalis/30.png
Enterococcus.faecalis_31,Enterococcus.faecalis,1,0,Dataset-Bacteria/Enterococcus faecalis/31.png
Enterococcus.faecalis_32,Enterococcus.faecalis,1,0,Dataset-Bacteria/Enterococcus faecalis/32.png
Enterococcus.faecalis_33,Enterococcus.faecalis,1,0,Dataset-Bacteria/Enterococcus faecalis/33.png
Enterococcus.faecalis_34,Enterococcus.faecalis,1,0,Dataset-Bacteria/Enterococcus faecalis/34.png
Enterococcus.faecalis_35,Enterococcus.faecalis,1,0,Dataset-Bacteria/Enterococcus faecalis/35.png
Enterococcus.faecalis_36,Enterococcus.faecalis,1,0,Dataset-Bacteria/Enterococcus faecalis/36.png
Enterococcus.faecalis_37,Enterococcus.faecalis,1,0,Dataset-Bacteria/Enterococcus faecalis/37.png
Enterococcus.faecalis_38,Enterococcus.faecalis,1,0,Dataset-Bacteria/Enterococcus faecalis/38.png
Enterococcus.faecalis_39,Enterococcus.faecalis,1,0,Dataset-Bacteria/Enterococcus faecalis/39.png
Enterococcus.faecalis_40,Enterococcus.faecalis,1,0,Dataset-Bacteria/Enterococcus faecalis/40.png
Enterococcus.faecalis_41,Enterococcus.faecalis,1,0,Dataset-Bacteria/Enterococcus faecalis/41.png
Enterococcus.faecalis_42,Enterococcus.faecalis,1,0,Dataset-Bacteria/Enterococcus faecalis/42.png
Enterococcus.faecalis_43,Enterococcus.faecalis,1,0,Dataset-Bacteria/Enterococcus faecalis/43.png
Enterococcus.faecalis_44,Enterococcus.faecalis,1,0,Dataset-Bacteria/Enterococcus faecalis/44.png
Enterococcus.faecalis_45,Enterococcus.faecalis,1,0,Dataset-Bacteria/Enterococcus faecalis/45.png
Enterococcus.faecalis_46,Enterococcus.faecalis,1,0,Dataset-Bacteria/Enterococcus faecalis/46.png
Enterococcus.faecalis_47,Enterococcus.faecalis,1,0,Dataset-Bacteria/Enterococcus faecalis/47.png
Enterococcus.faecalis_48,Enterococcus.faecalis,1,0,Dataset-Bacteria/Enterococcus faecalis/48.png
Enterococcus.faecalis_49,Enterococcus.faecalis,1,0,Dataset-Bacteria/Enterococcus faecalis/49.png
Enterococcus.faecalis_50,Enterococcus.faecalis,1,0,Dataset-Bacteria/Enterococcus faecalis/50.png
Enterococcus.faecalis_51,Enterococcus.faecalis,1,0,Dataset-Bacteria/Enterococcus faecalis/51.png
Enterococcus.faecalis_52,Enterococcus.faecalis,1,0,Dataset-Bacteria/Enterococcus faecalis/52.png
Enterococcus.faecalis_53,Enterococcus.faecalis,1,0,Dataset-Bacteria/Enterococcus faecalis/53.png
Enterococcus.faecalis_54,Enterococcus.faecalis,1,0,Dataset-Bacteria/Enterococcus faecalis/54.png
Enterococcus.faecalis_55,Enterococcus.faecalis,1,0,Dataset-Bacteria/Enterococcus faecalis/55.png
Enterococcus.faecalis_56,Enterococcus.faecalis,1,0,Dataset-Bacteria/Enterococcus faecalis/56.png
Enterococcus.faecalis_57,Enterococcus.faecalis,1,0,Dataset-Bacteria/Enterococcus faecalis/57.png
Enterococcus.faecalis_58,Enterococcus.faecalis,1,0,Dataset-Bacteria/Enterococcus faecalis/58.png
Enterococcus.faecalis_59,Enterococcus.faecalis,1,0,Dataset-Bacteria/Enterococcus faecalis/59.png
Enterococcus.faecalis_60,Enterococcus.faecalis,1,0,Dataset-Bacteria/Enterococcus faecalis/60.png
Enterococcus.faecium_01,Enterococcus.faecium,1,0,Dataset-Bacteria/Enterococcus faecium/01.png
Enterococcus.faecium_02,Enterococcus.faecium,1,0,Dataset-Bacteria/Enterococcus faecium/02.png
Enterococcus.faecium_03,Enterococcus.faecium,1,0,Dataset-Bacteria/Enterococcus faecium/03.png
Enterococcus.faecium_04,Enterococcus.faecium,1,0,Dataset-Bacteria/Enterococcus faecium/04.png
Enterococcus.faecium_05,Enterococcus.faecium,1,0,Dataset-Bacteria/Enterococcus faecium/05.png
Enterococcus.faecium_06,Enterococcus.faecium,1,0,Dataset-Bacteria/Enterococcus faecium/06.png
Enterococcus.faecium_07,Enterococcus.faecium,1,0,Dataset-Bacteria/Enterococcus faecium/07.png
Enterococcus.faecium_08,Enterococcus.faecium,1,0,Dataset-Bacteria/Enterococcus faecium/08.png
Enterococcus.faecium_09,Enterococcus.faecium,1,0,Dataset-Bacteria/Enterococcus faecium/09.png
Enterococcus.faecium_10,Enterococcus.faecium,1,0,Dataset-Bacteria/Enterococcus faecium/10.png
Enterococcus.faecium_11,Enterococcus.faecium,1,0,Dataset-Bacteria/Enterococcus faecium/11.png
Enterococcus.faecium_12,Enterococcus.faecium,1,0,Dataset-Bacteria/Enterococcus faecium/12.png
Enterococcus.faecium_13,Enterococcus.faecium,1,0,Dataset-Bacteria/Enterococcus faecium/13.png
Enterococcus.faecium_14,Enterococcus.faecium,1,0,Dataset-Bacteria/Enterococcus faecium/14.png
Enterococcus.faecium_15,Enterococcus.faecium,1,0,Dataset-Bacteria/Enterococcus faecium/15.png
Enterococcus.faecium_16,Enterococcus.faecium,1,0,Dataset-Bacteria/Enterococcus faecium/16.png
Enterococcus.faecium_17,Enterococcus.faecium,1,0,Dataset-Bacteria/Enterococcus faecium/17.png
Enterococcus.faecium_18,Enterococcus.faecium,1,0,Dataset-Bacteria/Enterococcus faecium/18.png
Enterococcus.faecium_19,Enterococcus.faecium,1,0,Dataset-Bacteria/Enterococcus faecium/19.png
Enterococcus.faecium_20,Enterococcus.faecium,1,0,Dataset-Bacteria/Enterococcus faecium/20.png
Enterococcus.faecium_21,Enterococcus.faecium,1,0,Dataset-Bacteria/Enterococcus faecium/21.png
Enterococcus.faecium_22,Enterococcus.faecium,1,0,Dataset-Bacteria/Enterococcus faecium/22.png
Enterococcus.faecium_23,Enterococcus.faecium,1,0,Dataset-Bacteria/Enterococcus faecium/23.png
Enterococcus.faecium_24,Enterococcus.faecium,1,0,Dataset-Bacteria/Enterococcus faecium/24.png
Enterococcus.faecium_25,Enterococcus.faecium,1,0,Dataset-Bacteria/Enterococcus faecium/25.png
Enterococcus.faecium_26,Enterococcus.faecium,1,0,Dataset-Bacteria/Enterococcus faecium/26.png
Enterococcus.faecium_27,Enterococcus.faecium,1,0,Dataset-Bacteria/Enterococcus faecium/27.png
Enterococcus.faecium_28,Enterococcus.faecium,1,0,Dataset-Bacteria/Enterococcus faecium/28.png
Enterococcus.faecium_29,Enterococcus.faecium,1,0,Dataset-Bacteria/Enterococcus faecium/29.png
Enterococcus.faecium_30,Enterococcus.faecium,1,0,Dataset-Bacteria/Enterococcus faecium/30.png
Enterococcus.faecium_31,Enterococcus.faecium,1,0,Dataset-Bacteria/Enterococcus faecium/31.png
Enterococcus.faecium_32,Enterococcus.faecium,1,0,Dataset-Bacteria/Enterococcus faecium/32.png
Enterococcus.faecium_33,Enterococcus.faecium,1,0,Dataset-Bacteria/Enterococcus faecium/33.png
Enterococcus.faecium_34,Enterococcus.faecium,1,0,Dataset-Bacteria/Enterococcus faecium/34.png
Enterococcus.faecium_35,Enterococcus.faecium,1,0,Dataset-Bacteria/Enterococcus faecium/35.png
Enterococcus.faecium_36,Enterococcus.faecium,1,0,Dataset-Bacteria/Enterococcus faecium/36.png
Enterococcus.faecium_37,Enterococcus.faecium,1,0,Dataset-Bacteria/Enterococcus faecium/37.png
Enterococcus.faecium_38,Enterococcus.faecium,1,0,Dataset-Bacteria/Enterococcus faecium/38.png
Enterococcus.faecium_39,Enterococcus.faecium,1,0,Dataset-Bacteria/Enterococcus faecium/39.png
Enterococcus.faecium_40,Enterococcus.faecium,1,0,Dataset-Bacteria/Enterococcus faecium/40.png
Enterococcus.faecium_41,Enterococcus.faecium,1,0,Dataset-Bacteria/Enterococcus faecium/41.png
Enterococcus.faecium_42,Enterococcus.faecium,1,0,Dataset-Bacteria/Enterococcus faecium/42.png
Enterococcus.faecium_43,Enterococcus.faecium,1,0,Dataset-Bacteria/Enterococcus faecium/43.png
Enterococcus.faecium_44,Enterococcus.faecium,1,0,Dataset-Bacteria/Enterococcus faecium/44.png
Enterococcus.faecium_45,Enterococcus.faecium,1,0,Dataset-Bacteria/Enterococcus faecium/45.png
Enterococcus.faecium_46,Enterococcus.faecium,1,0,Dataset-Bacteria/Enterococcus faecium/46.png
Enterococcus.faecium_47,Enterococcus.faecium,1,0,Dataset-Bacteria/Enterococcus faecium/47.png
Enterococcus.faecium_48,Enterococcus.faecium,1,0,Dataset-Bacteria/Enterococcus faecium/48.png
Enterococcus.faecium_49,Enterococcus.faecium,1,0,Dataset-Bacteria/Enterococcus faecium/49.png
Enterococcus.faecium_50,Enterococcus.faecium,1,0,Dataset-Bacteria/Enterococcus faecium/50.png
Enterococcus.faecium_51,Enterococcus.faecium,1,0,Dataset-Bacteria/Enterococcus faecium/51.png
Enterococcus.faecium_52,Enterococcus.faecium,1,0,Dataset-Bacteria/Enterococcus faecium/52.png
Enterococcus.faecium_53,Enterococcus.faecium,1,0,Dataset-Bacteria/Enterococcus faecium/53.png
Enterococcus.faecium_54,Enterococcus.faecium,1,0,Dataset-Bacteria/Enterococcus faecium/54.png
Enterococcus.faecium_55,Enterococcus.faecium,1,0,Dataset-Bacteria/Enterococcus faecium/55.png
Enterococcus.faecium_56,Enterococcus.faecium,1,0,Dataset-Bacteria/Enterococcus faecium/56.png
Escherichia.coli_01,Escherichia.coli,1,0,Dataset-Bacteria/Escherichia coli/01.png
Escherichia.coli_02,Escherichia.coli,1,0,Dataset-Bacteria/Escherichia coli/02.png
Escherichia.coli_03,Escherichia.coli,1,0,Dataset-Bacteria/Escherichia coli/03.png
Escherichia.coli_04,Escherichia.coli,1,0,Dataset-Bacteria/Escherichia coli/04.png
Escherichia.coli_05,Escherichia.coli,1,0,Dataset-Bacteria/Escherichia coli/05.png
Escherichia.coli_06,Escherichia.coli,1,0,Dataset-Bacteria/Escherichia coli/06.png
Escherichia.coli_07,Escherichia.coli,1,0,Dataset-Bacteria/Escherichia coli/07.png
Escherichia.coli_08,Escherichia.coli,1,0,Dataset-Bacteria/Escherichia coli/08.png
Escherichia.coli_09,Escherichia.coli,1,0,Dataset-Bacteria/Escherichia coli/09.png
Escherichia.coli_10,Escherichia.coli,1,0,Dataset-Bacteria/Escherichia coli/10.png
Escherichia.coli_11,Escherichia.coli,1,0,Dataset-Bacteria/Escherichia coli/11.png
Escherichia.coli_12,Escherichia.coli,1,0,Dataset-Bacteria/Escherichia coli/12.png
Escherichia.coli_13,Escherichia.coli,1,0,Dataset-Bacteria/Escherichia coli/13.png
Escherichia.coli_14,Escherichia.coli,1,0,Dataset-Bacteria/Escherichia coli/14.png
Escherichia.coli_15,Escherichia.coli,1,0,Dataset-Bacteria/Escherichia coli/15.png
Escherichia.coli_16,Escherichia.coli,1,0,Dataset-Bacteria/Escherichia coli/16.png
Escherichia.coli_17,Escherichia.coli,1,0,Dataset-Bacteria/Escherichia coli/17.png
Escherichia.coli_18,Escherichia.coli,1,0,Dataset-Bacteria/Escherichia coli/18.png
Escherichia.coli_19,Escherichia.coli,1,0,Dataset-Bacteria/Escherichia coli/19.png
Escherichia.coli_20,Escherichia.coli,1,0,Dataset-Bacteria/Escherichia coli/20.png
Escherichia.coli_21,Escherichia.coli,1,0,Dataset-Bacteria/Escherichia coli/21.png
Escherichia.coli_22,Escherichia.coli,1,0,Dataset-Bacteria/Escherichia coli/22.png
Escherichia.coli_23,Escherichia.coli,1,0,Dataset-Bacteria/Escherichia coli/23.png
Escherichia.coli_24,Escherichia.coli,1,0,Dataset-Bacteria/Escherichia coli/24.png
Escherichia.coli_25,Escherichia.coli,1,0,Dataset-Bacteria/Escherichia coli/25.png
Escherichia.coli_26,Escherichia.coli,1,0,Dataset-Bacteria/Escherichia coli/26.png
Escherichia.coli_27,Escherichia.coli,1,0,Dataset-Bacteria/Escherichia coli/27.png
Escherichia.coli_28,Escherichia.coli,1,0,Dataset-Bacteria/Escherichia coli/28.png
Escherichia.coli_29,Escherichia.coli,1,0,Dataset-Bacteria/Escherichia coli/29.png
Escherichia.coli_30,Escherichia.coli,1,0,Dataset-Bacteria/Escherichia coli/30.png
Escherichia.coli_31,Escherichia.coli,1,0,Dataset-Bacteria/Escherichia coli/31.png
Escherichia.coli_32,Escherichia.coli,1,0,Dataset-Bacteria/Escherichia coli/32.png
Escherichia.coli_33,Escherichia.coli,1,0,Dataset-Bacteria/Escherichia coli/33.png
Escherichia.coli_34,Escherichia.coli,1,0,Dataset-Bacteria/Escherichia coli/34.png
Escherichia.coli_35,Escherichia.coli,1,0,Dataset-Bacteria/Escherichia coli/35.png
Escherichia.coli_36,Escherichia.coli,1,0,Dataset-Bacteria/Escherichia coli/36.png
Escherichia.coli_37,Escherichia.coli,1,0,Dataset-Bacteria/Escherichia coli/37.png
Escherichia.coli_38,Escherichia.coli,1,0,Dataset-Bacteria/Escherichia coli/38.png
Escherichia.coli_39,Escherichia.coli,1,0,Dataset-Bacteria/Escherichia coli/39.png
Escherichia.coli_40,Escherichia.coli,1,0,Dataset-Bacteria/Escherichia coli/40.png
Escherichia.coli_41,Escherichia.coli,1,0,Dataset-Bacteria/Escherichia coli/41.png
Escherichia.coli_42,Escherichia.coli,1,0,Dataset-Bacteria/Escherichia coli/42.png
Escherichia.coli_43,Escherichia.coli,1,0,Dataset-Bacteria/Escherichia coli/43.png
Escherichia.coli_44,Escherichia.coli,1,0,Dataset-Bacteria/Escherichia coli/44.png
Escherichia.coli_45,Escherichia.coli,1,0,Dataset-Bacteria/Escherichia coli/45.png
Escherichia.coli_46,Escherichia.coli,1,0,Dataset-Bacteria/Escherichia coli/46.png
Escherichia.coli_47,Escherichia.coli,1,0,Dataset-Bacteria/Escherichia coli/47.png
Escherichia.coli_48,Escherichia.coli,1,0,Dataset-Bacteria/Escherichia coli/48.png
Escherichia.coli_49,Escherichia.coli,1,0,Dataset-Bacteria/Escherichia coli/49.png
Escherichia.coli_50,Escherichia.coli,1,0,Dataset-Bacteria/Escherichia coli/50.png
Escherichia.coli_51,Escherichia.coli,1,0,Dataset-Bacteria/Escherichia coli/51.png
Escherichia.coli_52,Escherichia.coli,1,0,Dataset-Bacteria/Escherichia coli/52.png
Escherichia.coli_53,Escherichia.coli,1,0,Dataset-Bacteria/Escherichia coli/53.png
Escherichia.coli_54,Escherichia.coli,1,0,Dataset-Bacteria/Escherichia coli/54.png
Escherichia.coli_55,Escherichia.coli,1,0,Dataset-Bacteria/Escherichia coli/55.png
Escherichia.coli_56,Escherichia.coli,1,0,Dataset-Bacteria/Escherichia coli/56.png
Escherichia.coli_57,Escherichia.coli,1,0,Dataset-Bacteria/Escherichia coli/57.png
Escherichia.coli_58,Escherichia.coli,1,0,Dataset-Bacteria/Escherichia coli/58.png
Escherichia.coli_59,Escherichia.coli,1,0,Dataset-Bacteria/Escherichia coli/59.png
Listeria.monocytogenes_01,Listeria.monocytogenes,1,0,Dataset-Bacteria/Listeria monocytogenes/01.png
Listeria.monocytogenes_02,Listeria.monocytogenes,1,0,Dataset-Bacteria/Listeria monocytogenes/02.png
Listeria.monocytogenes_03,Listeria.monocytogenes,1,0,Dataset-Bacteria/Listeria monocytogenes/03.png
Listeria.monocytogenes_04,Listeria.monocytogenes,1,0,Dataset-Bacteria/Listeria monocytogenes/04.png
Listeria.monocytogenes_05,Listeria.monocytogenes,1,0,Dataset-Bacteria/Listeria monocytogenes/05.png
Listeria.monocytogenes_06,Listeria.monocytogenes,1,0,Dataset-Bacteria/Listeria monocytogenes/06.png
Listeria.monocytogenes_07,Listeria.monocytogenes,1,0,Dataset-Bacteria/Listeria monocytogenes/07.png
Listeria.monocytogenes_08,Listeria.monocytogenes,1,0,Dataset-Bacteria/Listeria monocytogenes/08.png
Listeria.monocytogenes_09,Listeria.monocytogenes,1,0,Dataset-Bacteria/Listeria monocytogenes/09.png
Listeria.monocytogenes_10,Listeria.monocytogenes,1,0,Dataset-Bacteria/Listeria monocytogenes/10.png
Listeria.monocytogenes_11,Listeria.monocytogenes,1,0,Dataset-Bacteria/Listeria monocytogenes/11.png
Listeria.monocytogenes_12,Listeria.monocytogenes,1,0,Dataset-Bacteria/Listeria monocytogenes/12.png
Listeria.monocytogenes_13,Listeria.monocytogenes,1,0,Dataset-Bacteria/Listeria monocytogenes/13.png
Listeria.monocytogenes_14,Listeria.monocytogenes,1,0,Dataset-Bacteria/Listeria monocytogenes/14.png
Listeria.monocytogenes_15,Listeria.monocytogenes,1,0,Dataset-Bacteria/Listeria monocytogenes/15.png
Listeria.monocytogenes_16,Listeria.monocytogenes,1,0,Dataset-Bacteria/Listeria monocytogenes/16.png
Listeria.monocytogenes_17,Listeria.monocytogenes,1,0,Dataset-Bacteria/Listeria monocytogenes/17.png
Listeria.monocytogenes_18,Listeria.monocytogenes,1,0,Dataset-Bacteria/Listeria monocytogenes/18.png
Listeria.monocytogenes_19,Listeria.monocytogenes,1,0,Dataset-Bacteria/Listeria monocytogenes/19.png
Listeria.monocytogenes_20,Listeria.monocytogenes,1,0,Dataset-Bacteria/Listeria monocytogenes/20.png
Listeria.monocytogenes_21,Listeria.monocytogenes,1,0,Dataset-Bacteria/Listeria monocytogenes/21.png
Listeria.monocytogenes_22,Listeria.monocytogenes,1,0,Dataset-Bacteria/Listeria monocytogenes/22.png
Listeria.monocytogenes_23,Listeria.monocytogenes,1,0,Dataset-Bacteria/Listeria monocytogenes/23.png
Listeria.monocytogenes_24,Listeria.monocytogenes,1,0,Dataset-Bacteria/Listeria monocytogenes/24.png
Listeria.monocytogenes_25,Listeria.monocytogenes,1,0,Dataset-Bacteria/Listeria monocytogenes/25.png
Listeria.monocytogenes_26,Listeria.monocytogenes,1,0,Dataset-Bacteria/Listeria monocytogenes/26.png
Listeria.monocytogenes_27,Listeria.monocytogenes,1,0,Dataset-Bacteria/Listeria monocytogenes/27.png
Listeria.monocytogenes_28,Listeria.monocytogenes,1,0,Dataset-Bacteria/Listeria monocytogenes/28.png
Listeria.monocytogenes_29,Listeria.monocytogenes,1,0,Dataset-Bacteria/Listeria monocytogenes/29.png
Listeria.monocytogenes_30,Listeria.monocytogenes,1,0,Dataset-Bacteria/Listeria monocytogenes/30.png
Listeria.monocytogenes_31,Listeria.monocytogenes,1,0,Dataset-Bacteria/Listeria monocytogenes/31.png
Listeria.monocytogenes_32,Listeria.monocytogenes,1,0,Dataset-Bacteria/Listeria monocytogenes/32.png
Listeria.monocytogenes_33,Listeria.monocytogenes,1,0,Dataset-Bacteria/Listeria monocytogenes/33.png
Listeria.monocytogenes_34,Listeria.monocytogenes,1,0,Dataset-Bacteria/Listeria monocytogenes/34.png
Listeria.monocytogenes_35,Listeria.monocytogenes,1,0,Dataset-Bacteria/Listeria monocytogenes/35.png
Listeria.monocytogenes_36,Listeria.monocytogenes,1,0,Dataset-Bacteria/Listeria monocytogenes/36.png
Listeria.monocytogenes_37,Listeria.monocytogenes,1,0,Dataset-Bacteria/Listeria monocytogenes/37.png
Listeria.monocytogenes_38,Listeria.monocytogenes,1,0,Dataset-Bacteria/Listeria monocytogenes/38.png
Listeria.monocytogenes_39,Listeria.monocytogenes,1,0,Dataset-Bacteria/Listeria monocytogenes/39.png
Listeria.monocytogenes_40,Listeria.monocytogenes,1,0,Dataset-Bacteria/Listeria monocytogenes/40.png
Listeria.monocytogenes_41,Listeria.monocytogenes,1,0,Dataset-Bacteria/Listeria monocytogenes/41.png
Listeria.monocytogenes_42,Listeria.monocytogenes,1,0,Dataset-Bacteria/Listeria monocytogenes/42.png
Listeria.monocytogenes_43,Listeria.monocytogenes,1,0,Dataset-Bacteria/Listeria monocytogenes/43.png
Listeria.monocytogenes_44,Listeria.monocytogenes,1,0,Dataset-Bacteria/Listeria monocytogenes/44.png
Listeria.monocytogenes_45,Listeria.monocytogenes,1,0,Dataset-Bacteria/Listeria monocytogenes/45.png
Listeria.monocytogenes_46,Listeria.monocytogenes,1,0,Dataset-Bacteria/Listeria monocytogenes/46.png
Listeria.monocytogenes_47,Listeria.monocytogenes,1,0,Dataset-Bacteria/Listeria monocytogenes/47.png
Listeria.monocytogenes_48,Listeria.monocytogenes,1,0,Dataset-Bacteria/Listeria monocytogenes/48.png
Listeria.monocytogenes_49,Listeria.monocytogenes,1,0,Dataset-Bacteria/Listeria monocytogenes/49.png
Listeria.monocytogenes_50,Listeria.monocytogenes,1,0,Dataset-Bacteria/Listeria monocytogenes/50.png
Listeria.monocytogenes_51,Listeria.monocytogenes,1,0,Dataset-Bacteria/Listeria monocytogenes/51.png
Listeria.monocytogenes_52,Listeria.monocytogenes,1,0,Dataset-Bacteria/Listeria monocytogenes/52.png
Listeria.monocytogenes_53,Listeria.monocytogenes,1,0,Dataset-Bacteria/Listeria monocytogenes/53.png
Listeria.monocytogenes_54,Listeria.monocytogenes,1,0,Dataset-Bacteria/Listeria monocytogenes/54.png
Listeria.monocytogenes_55,Listeria.monocytogenes,1,0,Dataset-Bacteria/Listeria monocytogenes/55.png
Listeria.monocytogenes_56,Listeria.monocytogenes,1,0,Dataset-Bacteria/Listeria monocytogenes/56.png
Listeria.monocytogenes_57,Listeria.monocytogenes,1,0,Dataset-Bacteria/Listeria monocytogenes/57.png
Listeria.monocytogenes_58,Listeria.monocytogenes,1,0,Dataset-Bacteria/Listeria monocytogenes/58.png
Listeria.monocytogenes_59,Listeria.monocytogenes,1,0,Dataset-Bacteria/Listeria monocytogenes/59.png
Listeria.monocytogenes_60,Listeria.monocytogenes,1,0,Dataset-Bacteria/Listeria monocytogenes/60.png
Listeria.monocytogenes_61,Listeria.monocytogenes,1,0,Dataset-Bacteria/Listeria monocytogenes/61.png
Listeria.monocytogenes_62,Listeria.monocytogenes,1,0,Dataset-Bacteria/Listeria monocytogenes/62.png
Listeria.monocytogenes_63,Listeria.monocytogenes,1,0,Dataset-Bacteria/Listeria monocytogenes/63.png
Pseudomonas.aeruginosa_01,Pseudomonas.aeruginosa,1,0,Dataset-Bacteria/Pseudomonas aeruginosa/01.png
Pseudomonas.aeruginosa_02,Pseudomonas.aeruginosa,1,0,Dataset-Bacteria/Pseudomonas aeruginosa/02.png
Pseudomonas.aeruginosa_03,Pseudomonas.aeruginosa,1,0,Dataset-Bacteria/Pseudomonas aeruginosa/03.png
Pseudomonas.aeruginosa_04,Pseudomonas.aeruginosa,1,0,Dataset-Bacteria/Pseudomonas aeruginosa/04.png
Pseudomonas.aeruginosa_05,Pseudomonas.aeruginosa,1,0,Dataset-Bacteria/Pseudomonas aeruginosa/05.png
Pseudomonas.aeruginosa_06,Pseudomonas.aeruginosa,1,0,Dataset-Bacteria/Pseudomonas aeruginosa/06.png
Pseudomonas.aeruginosa_07,Pseudomonas.aeruginosa,1,0,Dataset-Bacteria/Pseudomonas aeruginosa/07.png
Pseudomonas.aeruginosa_08,Pseudomonas.aeruginosa,1,0,Dataset-Bacteria/Pseudomonas aeruginosa/08.png
Pseudomonas.aeruginosa_09,Pseudomonas.aeruginosa,1,0,Dataset-Bacteria/Pseudomonas aeruginosa/09.png
Pseudomonas.aeruginosa_10,Pseudomonas.aeruginosa,1,0,Dataset-Bacteria/Pseudomonas aeruginosa/10.png
Pseudomonas.aeruginosa_11,Pseudomonas.aeruginosa,1,0,Dataset-Bacteria/Pseudomonas aeruginosa/11.png
Pseudomonas.aeruginosa_12,Pseudomonas.aeruginosa,1,0,Dataset-Bacteria/Pseudomonas aeruginosa/12.png
Pseudomonas.aeruginosa_13,Pseudomonas.aeruginosa,1,0,Dataset-Bacteria/Pseudomonas aeruginosa/13.png
Pseudomonas.aeruginosa_14,Pseudomonas.aeruginosa,1,0,Dataset-Bacteria/Pseudomonas aeruginosa/14.png
Pseudomonas.aeruginosa_15,Pseudomonas.aeruginosa,1,0,Dataset-Bacteria/Pseudomonas aeruginosa/15.png
Pseudomonas.aeruginosa_16,Pseudomonas.aeruginosa,1,0,Dataset-Bacteria/Pseudomonas aeruginosa/16.png
Pseudomonas.aeruginosa_17,Pseudomonas.aeruginosa,1,0,Dataset-Bacteria/Pseudomonas aeruginosa/17.png
Pseudomonas.aeruginosa_18,Pseudomonas.aeruginosa,1,0,Dataset-Bacteria/Pseudomonas aeruginosa/18.png
Pseudomonas.aeruginosa_19,Pseudomonas.aeruginosa,1,0,Dataset-Bacteria/Pseudomonas aeruginosa/19.png
Pseudomonas.aeruginosa_20,Pseudomonas.aeruginosa,1,0,Dataset-Bacteria/Pseudomonas aeruginosa/20.png
Pseudomonas.aeruginosa_21,Pseudomonas.aeruginosa,1,0,Dataset-Bacteria/Pseudomonas aeruginosa/21.png
Pseudomonas.aeruginosa_22,Pseudomonas.aeruginosa,1,0,Dataset-Bacteria/Pseudomonas aeruginosa/22.png
Pseudomonas.aeruginosa_23,Pseudomonas.aeruginosa,1,0,Dataset-Bacteria/Pseudomonas aeruginosa/23.png
Pseudomonas.aeruginosa_24,Pseudomonas.aeruginosa,1,0,Dataset-Bacteria/Pseudomonas aeruginosa/24.png
Pseudomonas.aeruginosa_25,Pseudomonas.aeruginosa,1,0,Dataset-Bacteria/Pseudomonas aeruginosa/25.png
Pseudomonas.aeruginosa_26,Pseudomonas.aeruginosa,1,0,Dataset-Bacteria/Pseudomonas aeruginosa/26.png
Pseudomonas.aeruginosa_27,Pseudomonas.aeruginosa,1,0,Dataset-Bacteria/Pseudomonas aeruginosa/27.png
Pseudomonas.aeruginosa_28,Pseudomonas.aeruginosa,1,0,Dataset-Bacteria/Pseudomonas aeruginosa/28.png
Pseudomonas.aeruginosa_29,Pseudomonas.aeruginosa,1,0,Dataset-Bacteria/Pseudomonas aeruginosa/29.png
Pseudomonas.aeruginosa_30,Pseudomonas.aeruginosa,1,0,Dataset-Bacteria/Pseudomonas aeruginosa/30.png
Pseudomonas.aeruginosa_31,Pseudomonas.aeruginosa,1,0,Dataset-Bacteria/Pseudomonas aeruginosa/31.png
Pseudomonas.aeruginosa_32,Pseudomonas.aeruginosa,1,0,Dataset-Bacteria/Pseudomonas aeruginosa/32.png
Pseudomonas.aeruginosa_33,Pseudomonas.aeruginosa,1,0,Dataset-Bacteria/Pseudomonas aeruginosa/33.png
Pseudomonas.aeruginosa_34,Pseudomonas.aeruginosa,1,0,Dataset-Bacteria/Pseudomonas aeruginosa/34.png
Pseudomonas.aeruginosa_35,Pseudomonas.aeruginosa,1,0,Dataset-Bacteria/Pseudomonas aeruginosa/35.png
Pseudomonas.aeruginosa_36,Pseudomonas.aeruginosa,1,0,Dataset-Bacteria/Pseudomonas aeruginosa/36.png
Pseudomonas.aeruginosa_37,Pseudomonas.aeruginosa,1,0,Dataset-Bacteria/Pseudomonas aeruginosa/37.png
Pseudomonas.aeruginosa_38,Pseudomonas.aeruginosa,1,0,Dataset-Bacteria/Pseudomonas aeruginosa/38.png
Pseudomonas.aeruginosa_39,Pseudomonas.aeruginosa,1,0,Dataset-Bacteria/Pseudomonas aeruginosa/39.png
Pseudomonas.aeruginosa_40,Pseudomonas.aeruginosa,1,0,Dataset-Bacteria/Pseudomonas aeruginosa/40.png
Pseudomonas.aeruginosa_41,Pseudomonas.aeruginosa,1,0,Dataset-Bacteria/Pseudomonas aeruginosa/41.png
Pseudomonas.aeruginosa_42,Pseudomonas.aeruginosa,1,0,Dataset-Bacteria/Pseudomonas aeruginosa/42.png
Pseudomonas.aeruginosa_43,Pseudomonas.aeruginosa,1,0,Dataset-Bacteria/Pseudomonas aeruginosa/43.png
Pseudomonas.aeruginosa_44,Pseudomonas.aeruginosa,1,0,Dataset-Bacteria/Pseudomonas aeruginosa/44.png
Pseudomonas.aeruginosa_45,Pseudomonas.aeruginosa,1,0,Dataset-Bacteria/Pseudomonas aeruginosa/45.png
Pseudomonas.aeruginosa_46,Pseudomonas.aeruginosa,1,0,Dataset-Bacteria/Pseudomonas aeruginosa/46.png
Pseudomonas.aeruginosa_47,Pseudomonas.aeruginosa,1,0,Dataset-Bacteria/Pseudomonas aeruginosa/47.png
Pseudomonas.aeruginosa_48,Pseudomonas.aeruginosa,1,0,Dataset-Bacteria/Pseudomonas aeruginosa/48.png
Pseudomonas.aeruginosa_49,Pseudomonas.aeruginosa,1,0,Dataset-Bacteria/Pseudomonas aeruginosa/49.png
Pseudomonas.aeruginosa_50,Pseudomonas.aeruginosa,1,0,Dataset-Bacteria/Pseudomonas aeruginosa/50.png
Pseudomonas.aeruginosa_51,Pseudomonas.aeruginosa,1,0,Dataset-Bacteria/Pseudomonas aeruginosa/51.png
Pseudomonas.aeruginosa_52,Pseudomonas.aeruginosa,1,0,Dataset-Bacteria/Pseudomonas aeruginosa/52.png
Pseudomonas.aeruginosa_53,Pseudomonas.aeruginosa,1,0,Dataset-Bacteria/Pseudomonas aeruginosa/53.png
Pseudomonas.aeruginosa_54,Pseudomonas.aeruginosa,1,0,Dataset-Bacteria/Pseudomonas aeruginosa/54.png
Pseudomonas.aeruginosa_55,Pseudomonas.aeruginosa,1,0,Dataset-Bacteria/Pseudomonas aeruginosa/55.png
Pseudomonas.aeruginosa_56,Pseudomonas.aeruginosa,1,0,Dataset-Bacteria/Pseudomonas aeruginosa/56.png
Pseudomonas.aeruginosa_57,Pseudomonas.aeruginosa,1,0,Dataset-Bacteria/Pseudomonas aeruginosa/57.png
Pseudomonas.aeruginosa_58,Pseudomonas.aeruginosa,1,0,Dataset-Bacteria/Pseudomonas aeruginosa/58.png
Pseudomonas.aeruginosa_59,Pseudomonas.aeruginosa,1,0,Dataset-Bacteria/Pseudomonas aeruginosa/59.png
Pseudomonas.aeruginosa_60,Pseudomonas.aeruginosa,1,0,Dataset-Bacteria/Pseudomonas aeruginosa/60.png
Pseudomonas.aeruginosa_61,Pseudomonas.aeruginosa,1,0,Dataset-Bacteria/Pseudomonas aeruginosa/61.png
Pseudomonas.aeruginosa_62,Pseudomonas.aeruginosa,1,0,Dataset-Bacteria/Pseudomonas aeruginosa/62.png
Pseudomonas.aeruginosa_63,Pseudomonas.aeruginosa,1,0,Dataset-Bacteria/Pseudomonas aeruginosa/63.png
Staphylococcus.aureus_01,Staphylococcus.aureus,1,0,Dataset-Bacteria/Staphylococcus aureus/01.png
Staphylococcus.aureus_02,Staphylococcus.aureus,1,0,Dataset-Bacteria/Staphylococcus aureus/02.png
Staphylococcus.aureus_03,Staphylococcus.aureus,1,0,Dataset-Bacteria/Staphylococcus aureus/03.png
Staphylococcus.aureus_04,Staphylococcus.aureus,1,0,Dataset-Bacteria/Staphylococcus aureus/04.png
Staphylococcus.aureus_05,Staphylococcus.aureus,1,0,Dataset-Bacteria/Staphylococcus aureus/05.png
Staphylococcus.aureus_06,Staphylococcus.aureus,1,0,Dataset-Bacteria/Staphylococcus aureus/06.png
Staphylococcus.aureus_07,Staphylococcus.aureus,1,0,Dataset-Bacteria/Staphylococcus aureus/07.png
Staphylococcus.aureus_08,Staphylococcus.aureus,1,0,Dataset-Bacteria/Staphylococcus aureus/08.png
Staphylococcus.aureus_09,Staphylococcus.aureus,1,0,Dataset-Bacteria/Staphylococcus aureus/09.png
Staphylococcus.aureus_10,Staphylococcus.aureus,1,0,Dataset-Bacteria/Staphylococcus aureus/10.png
Staphylococcus.aureus_11,Staphylococcus.aureus,1,0,Dataset-Bacteria/Staphylococcus aureus/11.png
Staphylococcus.aureus_12,Staphylococcus.aureus,1,0,Dataset-Bacteria/Staphylococcus aureus/12.png
Staphylococcus.aureus_13,Staphylococcus.aureus,1,0,Dataset-Bacteria/Staphylococcus aureus/13.png
Staphylococcus.aureus_14,Staphylococcus.aureus,1,0,Dataset-Bacteria/Staphylococcus aureus/14.png
Staphylococcus.aureus_15,Staphylococcus.aureus,1,0,Dataset-Bacteria/Staphylococcus aureus/15.png
Staphylococcus.aureus_16,Staphylococcus.aureus,1,0,Dataset-Bacteria/Staphylococcus aureus/16.png
Staphylococcus.aureus_17,Staphylococcus.aureus,1,0,Dataset-Bacteria/Staphylococcus aureus/17.png
Staphylococcus.aureus_18,Staphylococcus.aureus,1,0,Dataset-Bacteria/Staphylococcus aureus/18.png
Staphylococcus.aureus_19,Staphylococcus.aureus,1,0,Dataset-Bacteria/Staphylococcus aureus/19.png
Staphylococcus.aureus_20,Staphylococcus.aureus,1,0,Dataset-Bacteria/Staphylococcus aureus/20.png
Staphylococcus.aureus_21,Staphylococcus.aureus,1,0,Dataset-Bacteria/Staphylococcus aureus/21.png
Staphylococcus.aureus_22,Staphylococcus.aureus,1,0,Dataset-Bacteria/Staphylococcus aureus/22.png
Staphylococcus.aureus_23,Staphylococcus.aureus,1,0,Dataset-Bacteria/Staphylococcus aureus/23.png
Staphylococcus.aureus_24,Staphylococcus.aureus,1,0,Dataset-Bacteria/Staphylococcus aureus/24.png
Staphylococcus.aureus_25,Staphylococcus.aureus,1,0,Dataset-Bacteria/Staphylococcus aureus/25.png
Staphylococcus.aureus_26,Staphylococcus.aureus,1,0,Dataset-Bacteria/Staphylococcus aureus/26.png
Staphylococcus.aureus_27,Staphylococcus.aureus,1,0,Dataset-Bacteria/Staphylococcus aureus/27.png
Staphylococcus.aureus_28,Staphylococcus.aureus,1,0,Dataset-Bacteria/Staphylococcus aureus/28.png
Staphylococcus.aureus_29,Staphylococcus.aureus,1,0,Dataset-Bacteria/Staphylococcus aureus/29.png
Staphylococcus.aureus_30,Staphylococcus.aureus,1,0,Dataset-Bacteria/Staphylococcus aureus/30.png
Staphylococcus.aureus_31,Staphylococcus.aureus,1,0,Dataset-Bacteria/Staphylococcus aureus/31.png
Staphylococcus.aureus_32,Staphylococcus.aureus,1,0,Dataset-Bacteria/Staphylococcus aureus/32.png
Staphylococcus.aureus_33,Staphylococcus.aureus,1,0,Dataset-Bacteria/Staphylococcus aureus/33.png
Staphylococcus.aureus_34,Staphylococcus.aureus,1,0,Dataset-Bacteria/Staphylococcus aureus/34.png
Staphylococcus.aureus_35,Staphylococcus.aureus,1,0,Dataset-Bacteria/Staphylococcus aureus/35.png
Staphylococcus.aureus_36,Staphylococcus.aureus,1,0,Dataset-Bacteria/Staphylococcus aureus/36.png
Staphylococcus.aureus_37,Staphylococcus.aureus,1,0,Dataset-Bacteria/Staphylococcus aureus/37.png
Staphylococcus.aureus_38,Staphylococcus.aureus,1,0,Dataset-Bacteria/Staphylococcus aureus/38.png
Staphylococcus.aureus_39,Staphylococcus.aureus,1,0,Dataset-Bacteria/Staphylococcus aureus/39.png
Staphylococcus.aureus_40,Staphylococcus.aureus,1,0,Dataset-Bacteria/Staphylococcus aureus/40.png
Staphylococcus.aureus_41,Staphylococcus.aureus,1,0,Dataset-Bacteria/Staphylococcus aureus/41.png
Staphylococcus.aureus_42,Staphylococcus.aureus,1,0,Dataset-Bacteria/Staphylococcus aureus/42.png
Staphylococcus.aureus_43,Staphylococcus.aureus,1,0,Dataset-Bacteria/Staphylococcus aureus/43.png
Staphylococcus.aureus_44,Staphylococcus.aureus,1,0,Dataset-Bacteria/Staphylococcus aureus/44.png
Staphylococcus.aureus_45,Staphylococcus.aureus,1,0,Dataset-Bacteria/Staphylococcus aureus/45.png
Staphylococcus.aureus_46,Staphylococcus.aureus,1,0,Dataset-Bacteria/Staphylococcus aureus/46.png
Staphylococcus.aureus_47,Staphylococcus.aureus,1,0,Dataset-Bacteria/Staphylococcus aureus/47.png
Staphylococcus.aureus_48,Staphylococcus.aureus,1,0,Dataset-Bacteria/Staphylococcus aureus/48.png
Staphylococcus.aureus_49,Staphylococcus.aureus,1,0,Dataset-Bacteria/Staphylococcus aureus/49.png
Staphylococcus.aureus_50,Staphylococcus.aureus,1,0,Dataset-Bacteria/Staphylococcus aureus/50.png
Staphylococcus.aureus_51,Staphylococcus.aureus,1,0,Dataset-Bacteria/Staphylococcus aureus/51.png
Staphylococcus.aureus_52,Staphylococcus.aureus,1,0,Dataset-Bacteria/Staphylococcus aureus/52.png
Staphylococcus.aureus_53,Staphylococcus.aureus,1,0,Dataset-Bacteria/Staphylococcus aureus/53.png
Staphylococcus.aureus_54,Staphylococcus.aureus,1,0,Dataset-Bacteria/Staphylococcus aureus/54.png
Staphylococcus.aureus_55,Staphylococcus.aureus,1,0,Dataset-Bacteria/Staphylococcus aureus/55.png
Staphylococcus.aureus_56,Staphylococcus.aureus,1,0,Dataset-Bacteria/Staphylococcus aureus/56.png
Staphylococcus.aureus_57,Staphylococcus.aureus,1,0,Dataset-Bacteria/Staphylococcus aureus/57.png
Staphylococcus.aureus_58,Staphylococcus.aureus,1,0,Dataset-Bacteria/Staphylococcus aureus/58.png
Staphylococcus.aureus_59,Staphylococcus.aureus,1,0,Dataset-Bacteria/Staphylococcus aureus/59.png
Staphylococcus.aureus_60,Staphylococcus.aureus,1,0,Dataset-Bacteria/Staphylococcus aureus/60.png
Staphylococcus.aureus_61,Staphylococcus.aureus,1,0,Dataset-Bacteria/Staphylococcus aureus/61.png
Staphylococcus.aureus_62,Staphylococcus.aureus,1,0,Dataset-Bacteria/Staphylococcus aureus/62.png
Staphylococcus.aureus_63,Staphylococcus.aureus,1,0,Dataset-Bacteria/Staphylococcus aureus/63.png
Staphylococcus.aureus_64,Staphylococcus.aureus,1,0,Dataset-Bacteria/Staphylococcus aureus/64.png
